Input,INTENT
Make it at a later time,rschdle appt
Cannot tell somebody about it,rschdle appt
I was hoping to get a quicker appointment earlier than that,rschdle appt
You have the change the appointment the appointment was supposed to been today Wednesday from noon to one,rschdle appt
I need it moved up about a service completely,rschdle appt
I wanted to know if I can get a later appointment today,rschdle appt
Need to change time appointment,rschdle appt
Schedule another appointment,rschdle appt
Are there any appointments for today that can be made,rschdle appt
We need to make another appointment,rschdle appt
No can't get in to the computer,rschdle appt
Add missing early,rschdle appt
Can you stop a site it's coming,rschdle appt
Reschedule I need to reschedule,rschdle appt
Can he come a little earlier,rschdle appt
Can I move the time two hours,rschdle appt
I wanna know if I can I can get it changed to Thursday,rschdle appt
Change birthday,rschdle appt
Income earlier,rschdle appt
Oh okay I was there anything available today,rschdle appt
I can't get an earlier,rschdle appt
Change contact number,rschdle appt
Because my line for my spectrum is laying across the road and people can't drive down my road,rschdle appt
I need to reschedule eleven o'clock,rschdle appt
Make appointment sooner,rschdle appt
I would like to move the appointment sooner if possible,rschdle appt
I need to change it earlier my husband called this morning and I will be home earlier then he said the appointment for,rschdle appt
Postpone appointment,rschdle appt
Need to change it one day here back,rschdle appt
I need to change that date until Saturday,rschdle appt
I need someone else sooner,rschdle appt
I am home right now it's it anyway they can come out early,rschdle appt
No but I want you not reschedule I want to be here,rschdle appt
You can help by calling to see if you can call me,rschdle appt
Can the serviceman please install modem also,rschdle appt
Sooner dot time,rschdle appt
Later later time,rschdle appt
Is there anyway we can get that earlier,rschdle appt
Change appointment day,rschdle appt
That's a problem with the appointment,rschdle appt
No help needed keep the appointment,rschdle appt
Can you change it to the day,rschdle appt
What do you like to come earlier,rschdle appt
Like to change my appointment,rschdle appt
I need to schedule an appointment later in the day,rschdle appt
I need I need to reschedule the appointment for tomorrow,rschdle appt
I would like to reschedule a call,rschdle appt
Need the appointment today,rschdle appt
No that's all I needed for today,rschdle appt
We need service sooner,rschdle appt
Change up,rschdle appt
Change replacement part,rschdle appt
I need to make it later I didn't realize I have a doctors appointment at that time,rschdle appt
I need the appointment today,rschdle appt
Oh I'm calling to reschedule,rschdle appt
Change change the appointment,rschdle appt
The technician showed up early and left,rschdle appt
Change forwarding phone call,rschdle appt
Just want to check to see if that was to move my time,rschdle appt
I need to reschedule the appointment because there's no power,rschdle appt
I need to he can't come earlier because power has been restored,rschdle appt
Service change of service,rschdle appt
When you reschedule it for,rschdle appt
I want to postpone my appointment,rschdle appt
Because they come earlier,rschdle appt
Yes I'm checking on the time,rschdle appt
Oh just want to see if I can come today,rschdle appt
A different time today,rschdle appt
Hello I need to reschedule reschedule,rschdle appt
7 to 10 can be there about twelve thirty,rschdle appt
I like to know whether or not can they come earlier,rschdle appt
I thought it was earlier,rschdle appt
Change the time change the date,rschdle appt
Modify appointment,rschdle appt
I would like to change my appointment,rschdle appt
One of the phones and reschedule it for eleven a.m.,rschdle appt
Earlier time available question mark,rschdle appt
We need to reschedule that appointment,rschdle appt
Can you change my phone number to call,rschdle appt
I want to change the date and the time operator,rschdle appt
Earlier appointment time,rschdle appt
No I want to keep tomorrow's appointment because we can't do it today,rschdle appt
The person said up the wrong appointment I need to change it please no,rschdle appt
I need to reschedule that appointment I will not be here,rschdle appt
Looking for earlier appointment,rschdle appt
I wanted to change the time and date,rschdle appt
I wanna reschedule my appointment,rschdle appt
Change it to Friday,rschdle appt
Can I get here any sooner,rschdle appt
Need to change the time,rschdle appt
No I can't let somebody on the phone,rschdle appt
Tried to get an early appointment,rschdle appt
Reschedule speak to a representative,rschdle appt
Wondering if you could make it earlier if you have any cancellation,rschdle appt
Change my appointment for today,rschdle appt
I need to change the appointment from 10 to 11 to 11 to 12,rschdle appt
Yes change appointments,rschdle appt
Change time change time,rschdle appt
I need a later appointment,rschdle appt
I need a technician to fix it before Thursday I need I need my television right away I need it now I need somebody to fix it,rschdle appt
Oh give me a check again Tennessee,rschdle appt
Okay I'm trying to see if they can troubleshoot,rschdle appt
You change my installation date,rschdle appt
To reschedule appointment,rschdle appt
I like to reschedule my appointment,rschdle appt
I have two reschedule it,rschdle appt
Tech mission reschedule,rschdle appt
We want to change the appointment to four o'clock tomorrow afternoon instead of 10 and 11,rschdle appt
Here's reschedule,rschdle appt
Need appointment to speak today,rschdle appt
I can definitely intended product,rschdle appt
Change to Thursday January eleventh,rschdle appt
Appointments reschedule representative,rschdle appt
I need to reschedule for maintenance,rschdle appt
I need to change the appointment time,rschdle appt
I need somebody to come sooner,rschdle appt
I need to move later in the day,rschdle appt
I would like to change I would like to change the appointment for tomorrow morning instead of five six,rschdle appt
We need we need we need someone out here today,rschdle appt
Reschedule I thought it was today,rschdle appt
Reset appointment,rschdle appt
Yes can you give me the amount for the upcoming,rschdle appt
I don't think I need him we got it all hooked up today are sales,rschdle appt
Change that,rschdle appt
Is there any way I can make it earlier,rschdle appt
I would like for them to come earlier,rschdle appt
Representative reschedule an appointment,rschdle appt
Want to change appointment,rschdle appt
Xpedite,rschdle appt
Go to call someone it was available earlier,rschdle appt
I need to reschedule for later today,rschdle appt
Would like to make it for an earlier appointment,rschdle appt
Because of the weather I need to find out if they can do the appointment,rschdle appt
I want to change appointment reschedule it,rschdle appt
Next time is there another time in on Wednesday,rschdle appt
Can it be changed to a later time or an earlier time,rschdle appt
You can't never mind bye,rschdle appt
You can telephone Langya working,rschdle appt
I need to talk to the gentleman that schedules that because I need to make a change,rschdle appt
You can't I want technical services,rschdle appt
Change ownership of account,rschdle appt
Change air,rschdle appt
Move it back,rschdle appt
Change equipment representative,rschdle appt
If I if I could change it to Friday,rschdle appt
Can I come any earlier,rschdle appt
Hello can I come in today urgent issue,rschdle appt
Can you make it today appointment,rschdle appt
Need to move it,rschdle appt
Do you have anything earlier,rschdle appt
Look at other times available and availability,rschdle appt
Delayed arrival to my appointment,rschdle appt
Can I get anything earlier,rschdle appt
No I would like to reschedule another time,rschdle appt
I would like to see if I can get an appointment for today,rschdle appt
See if I can get a earlier appointment,rschdle appt
Change it to good day,rschdle appt
I would like to change the time,rschdle appt
I need to schedule today,rschdle appt
I need the appointment 4 to 5,rschdle appt
I just need someone to call me when they owned a way I'm off today and I need to find out if they coming,rschdle appt
Could I reschedule for earlier,rschdle appt
Can they come today my appointment,rschdle appt
I want to reschedule reschedule,rschdle appt
Change my account,rschdle appt
We still need the appointment,rschdle appt
I need it earlier,rschdle appt
I like to change the time to one to two o'clock,rschdle appt
Reschedule reschedule my appointment,rschdle appt
Macon earlier,rschdle appt
Technician delayed,rschdle appt
Any earlier appointment,rschdle appt
We need an earlier appointment,rschdle appt
I need to move my appointment,rschdle appt
I need to change my date appointment,rschdle appt
Move it,rschdle appt
I would like to reschedule because of the weather,rschdle appt
Can I have by moving it or whatever,rschdle appt
Reschedule yard flooded,rschdle appt
Change details,rschdle appt
I didn't know if it would be added to change it for Thursday the eleventh,rschdle appt
Can I get a new appointment for another day,rschdle appt
Change to tomorrow,rschdle appt
Change to tomorrow same time,rschdle appt
Move the time up in the day,rschdle appt
I need to change the date of the appointment because the weather's going to be terrible when you get your today,rschdle appt
Could you come earlier,rschdle appt
I need to modify the order of it,rschdle appt
I need to reschedule for tomorrow afternoon,rschdle appt
I would like to move that appointment to collect owed lock code five,rschdle appt
Get reschedule for earlier appointment,rschdle appt
Postpone,rschdle appt
I would like it later but if I had to be here and we all can you do it later,rschdle appt
I would like to change it to later in the afternoon,rschdle appt
Change the date and time,rschdle appt
Need to change,rschdle appt
Can you make it any later in the day,rschdle appt
I has to change and I need to talk to a live person,rschdle appt
The TV picture I can't move it,rschdle appt
Reset time,rschdle appt
Oh that's fine I just I just want to get it fixed as soon as I can,rschdle appt
Hi just thought it might be earlier thank you,rschdle appt
Hey seven I can't hook up my Internet,rschdle appt
Can you let him know my phone is ringing but I'll be here,rschdle appt
You can thank you,rschdle appt
Actually he just left and I need to change my password,rschdle appt
I need to change something my representative,rschdle appt
Change X,rschdle appt
Change appointment schedule,rschdle appt
I is there anything available this afternoon,rschdle appt
I want to change equipment,rschdle appt
Earlier moving out,rschdle appt
Oh god I don't know what it is I just moved today and everything mass,rschdle appt
Yes I need to set-up a new appointment,rschdle appt
I need to move closer sooner,rschdle appt
I need to change until tomorrow,rschdle appt
I need my appointments for today,rschdle appt
Can I schedule an early an appointment,rschdle appt
Rescheduling for sooner time,rschdle appt
Early appointment,rschdle appt
Change Petrine,rschdle appt
The guy showed up an hour early and I'm not home yet and he needs to stay there until I get home,rschdle appt
Change it a lot 10 to 11 o'clock,rschdle appt
I want to make it later,rschdle appt
I got a new date,rschdle appt
My husband would not be there in twenty minutes because he came to early,rschdle appt
Move up my appointments,rschdle appt
Change room number,rschdle appt
See if I could reschedule it today,rschdle appt
I need to change that appointment day and time,rschdle appt
I need appointment at eleven,rschdle appt
I wanted to reschedule,rschdle appt
Later date,rschdle appt
Reschedule to earlier time,rschdle appt
I'm here now if you can come,rschdle appt
I was called about moving it to later the day,rschdle appt
Need a different appointment,rschdle appt
Can you earlier appreciated,rschdle appt
I need to talk to someone to change it,rschdle appt
Needs to be expedited,rschdle appt
There may be a snowstorm so I want to let the technician know that he can come earlier if needed,rschdle appt
Change my appointment time,rschdle appt
I'd like to reschedule please,rschdle appt
Need to know earlier today today is possible,rschdle appt
Reschedule to today,rschdle appt
I like to make a later appointment,rschdle appt
You can there's no reason to that's all I needed to know alright thanks,rschdle appt
Yes downstairs in the basement we can't find,rschdle appt
Change to Wednesday's account,rschdle appt
I'd like to change the date,rschdle appt
Have an earlier time,rschdle appt
I have to change that,rschdle appt
I need I need to change report tomorrow,rschdle appt
Can you today,rschdle appt
Reschedule for Thursday,rschdle appt
I wanna see if I can change the time or the day,rschdle appt
That would be dollar try back tended I need to reschedule I will,rschdle appt
Can I get a lighter appointment for that day,rschdle appt
Reschedule delivery for,rschdle appt
I have another appointment at nine,rschdle appt
No I need no no can we make it later today can we make it at two p.m.,rschdle appt
We will reschedule for another day,rschdle appt
Can I get a sooner one,rschdle appt
I have not confirmed yet so please need to call and reschedule,rschdle appt
I can't do it that soon I'm not gonna be here,rschdle appt
I has to change the time,rschdle appt
After change appointment,rschdle appt
Can it be earlier,rschdle appt
I was just wondering if I can make a little bit earlier,rschdle appt
Reschedule technician,rschdle appt
Can't select,rschdle appt
Can you change it to ten a.m.,rschdle appt
Change it tomorrow,rschdle appt
Move my appointment,rschdle appt
I'm trying to see if it could be earlier,rschdle appt
Move it to Wednesday I have two doctors appointments move it to Wednesday,rschdle appt
I need to change and reschedule appointment,rschdle appt
Reschedule please customer service,rschdle appt
Reschedule my two p.m. today,rschdle appt
Hey can you come earlier,rschdle appt
Can I get an earlier date,rschdle appt
No change,rschdle appt
I'm going to have to reschedule,rschdle appt
I would like to change the appointment for tomorrow,rschdle appt
We requested an earlier appointment,rschdle appt
I need to reschedule that appointment,rschdle appt
Let's reschedule it for Wednesday,rschdle appt
I'd like to change it to Monday,rschdle appt
Need to reschedule for tomorrow,rschdle appt
I'd like to change the time,rschdle appt
Cannot wait,rschdle appt
I need to change yes,rschdle appt
Sooner date,rschdle appt
I need to change my search stop,rschdle appt
They had some openings Monday can it possibly be moved to Monday,rschdle appt
Move it to two,rschdle appt
Change the time for the five,rschdle appt
Anyway anybody can come out today to fix history,rschdle appt
Can I schedule another appointment,rschdle appt
Can't get back,rschdle appt
Change the date of the appointment,rschdle appt
Get it earlier,rschdle appt
I want it sooner,rschdle appt
Hi has to change the appointment,rschdle appt
No no no no no I don't want I want early time,rschdle appt
I'm home now can he be done earlier,rschdle appt
Oh one earlier appointment,rschdle appt
Earlier appointment emergency appointment,rschdle appt
Change hours,rschdle appt
I want to change my minesweeping isn't showing up anywhere thank you,rschdle appt
See if we can get one sooner,rschdle appt
Earlier appointment this Maybach not working over here I need TV,rschdle appt
Sooner install date,rschdle appt
Hey jack early the technician as early,rschdle appt
Check for sooner install date,rschdle appt
I'd like to move it up the wire is across the road,rschdle appt
Hey change my appointment,rschdle appt
Reschedule date,rschdle appt
Yes reschedule appointment,rschdle appt
I need to change the day that appointment today will not be good,rschdle appt
Nothing I can hang up now,rschdle appt
J I want to reschedule,rschdle appt
I need it faster earlier,rschdle appt
Reschedule for Monday,rschdle appt
Find an earlier time find representative please,rschdle appt
I want to move it,rschdle appt
The Boyscout can you clear the boys today,rschdle appt
Can you please change the boys no,rschdle appt
Can you straighten this voice out today,rschdle appt
We need to change it to an earlier time,rschdle appt
I need to have one today appointment today,rschdle appt
You can't come earlier,rschdle appt
If they come earlier would be fine,rschdle appt
Can I change it to one p.m.,rschdle appt
We make it for later time today,rschdle appt
We have bad weather and may need to change the time,rschdle appt
Is there an earlier time,rschdle appt
Okay connected in earlier,rschdle appt
Find an earlier appointment,rschdle appt
K O he can come anytime before that,rschdle appt
Change my date,rschdle appt
Reschedule please schedule,rschdle appt
I need to someone to come earlier please somebody to come tomorrow please speak with somebody please,rschdle appt
Is there a possible earlier time on Saturday night,rschdle appt
Would like to change the date and time,rschdle appt
Move it up earlier,rschdle appt
I was just checking to see where he was at,rschdle appt
Yes I would like for them to get here earlier than that if they can,rschdle appt
Wondering if we can get in sooner,rschdle appt
Can we move it up,rschdle appt
Expedited appointment Internet down,rschdle appt
Can you take me to account I don't know,rschdle appt
I need it moved to a later time,rschdle appt
Change me,rschdle appt
Can you send here,rschdle appt
I need an appointment for today,rschdle appt
I need to delay that appointment I have a doctors appointment that day but I had forgotten about,rschdle appt
I would like to reschedule it for today,rschdle appt
Need to make a change,rschdle appt
I need to maybe reschedule for later time or day,rschdle appt
You see if there is an earlier appointment,rschdle appt
Could we change that to three o'clock instead of two,rschdle appt
I need help with my voice on my TV I can't hear,rschdle appt
I want to change the date and time,rschdle appt
Two hundred 2 to 10 can you feed no,rschdle appt
I need to change the time because I'm not there,rschdle appt
Three schedule reschedule,rschdle appt
I would like to get the new modem so I can watch TV in my living room,rschdle appt
I would like to change the time for a later time and tomorrow,rschdle appt
Missed appointment today,rschdle appt
Change to change the schedule,rschdle appt
Yes I can write last last last last,rschdle appt
Okay can I get to keep the same appointment but can I schedule it for later time,rschdle appt
I was just checking when he might be here,rschdle appt
Yes here earlier,rschdle appt
Account change,rschdle appt
4 and 1 change,rschdle appt
Change timing,rschdle appt
I need to move that,rschdle appt
I want to change the time,rschdle appt
Want to change the time,rschdle appt
They need to come today,rschdle appt
Checking friend earlier appointment,rschdle appt
Change the appointment be made earlier,rschdle appt
Appointment earlier,rschdle appt
I will be here but you can't reach me through my line because it's not working,rschdle appt
To change my appointment,rschdle appt
I has to change the appointment for running late,rschdle appt
I want to reschedule correct,rschdle appt
Problem with appointment,rschdle appt
I will be here today,rschdle appt
Can I reschedule my appointment,rschdle appt
This is cool close speed Internet,rschdle appt
Change greeting,rschdle appt
Yes there is an earlier time available,rschdle appt
Nine other day I can't do it today,rschdle appt
I need to modify my appointment,rschdle appt
I got a letter from checking to change concerning my,rschdle appt
Make it later,rschdle appt
So can I change the appointment time from noon to one please,rschdle appt
I'm checking to see if they are coming today,rschdle appt
Can meet earlier today and said that we're late in the day,rschdle appt
No change that's it,rschdle appt
Can I reschedule my earlier time,rschdle appt
I need the appointment sooner no Internet,rschdle appt
I'd like to change my,rschdle appt
I need to change it to twelve o'clock or later,rschdle appt
Okay I thought it would be earlier,rschdle appt
Have you got one earlier today,rschdle appt
Is it possible to get earlier appointment today,rschdle appt
Reschedule for another day,rschdle appt
Change appointment till today,rschdle appt
Anything sooner,rschdle appt
No no you can't help me finish you help me,rschdle appt
I wanna see if I can switch the appointment to the twelve o'clock twelve o'clock appointment for Sunday,rschdle appt
I need to move it sooner,rschdle appt
You can't just keep it,rschdle appt
I need to reschedule these times,rschdle appt
Make another appointment at a different time,rschdle appt
Well I was trying to see if we can get an earlier like Saturday or Sunday,rschdle appt
Didn't get in earlier than Monday,rschdle appt
Can I come out any sooner tonight today,rschdle appt
I don't have Internet I can't track an appointment online,rschdle appt
Would like to schedule sooner,rschdle appt
See if it's any earlier,rschdle appt
Change a representative,rschdle appt
I'd like to make the time later in the day,rschdle appt
Change an appointment,rschdle appt
I can reschedule it for during the day,rschdle appt
June or something sooner,rschdle appt
Change the date to Sunday,rschdle appt
Sitting here can you give me a person,rschdle appt
Travel Pass corrected itself so I would need an appointment thank you,rschdle appt
Change to an earlier date,rschdle appt
Technician is too early,rschdle appt
Can I speak to a representative I want to reschedule,rschdle appt
Expedited service,rschdle appt
Reschedule appointment for a later time,rschdle appt
Calling to see if I can get a sooner appointment date if you have any cancellations can I get a sooner appointment date,rschdle appt
Yes and get her earlier wanna hear to have that's it earlier bye,rschdle appt
I need the appointment changed,rschdle appt
I need to change the date to Monday,rschdle appt
It says my technician will be there early and I won't be available until the scheduled appointment time,rschdle appt
Can they come on Sunday,rschdle appt
Because when I sent up service yesterday I was told they would be here today,rschdle appt
I need to reschedule can you come today at six,rschdle appt
How can I look at it take,rschdle appt
Can I make my appointment for today at five,rschdle appt
I need someone to come today they said my appointment was today at one o'clock not next week,rschdle appt
I need to reschedule but I need to talk to somebody first,rschdle appt
Yeah yeah we need to keep an appointment,rschdle appt
Can I reschedule for Saturday,rschdle appt
So they can come a very little bit because my TV does not work at all and I'm upset,rschdle appt
I am home earlier than I thought if you would like to come by earlier that would be fine,rschdle appt
I won't be available I won't be available glen,rschdle appt
I wanna change earlier,rschdle appt
Reschedule dentally,rschdle appt
Change to Monday earlier in the day,rschdle appt
Can I change my appointment till Monday,rschdle appt
I'm having car trouble so I need to reschedule for next week,rschdle appt
Change package,rschdle appt
Change appointment to earlier time,rschdle appt
Reschedule your appointment,rschdle appt
Yeah she can you order me 11 to 4,rschdle appt
Read reschedule,rschdle appt
Could I reschedule for tomorrow,rschdle appt
We need to reschedule it,rschdle appt
I'm not home yet I need to change my schedule,rschdle appt
I need to schedule another appointment,rschdle appt
I wanted to know if they can come earlier,rschdle appt
G change it,rschdle appt
See if I can add a note to my appointment,rschdle appt
Change Wi-Fi class,rschdle appt
I want to reschedule for Sunday,rschdle appt
I'd like to get an earlier appointment,rschdle appt
We have other commitments tomorrow for the appointment time I need to change it,rschdle appt
Is there any earlier appointment I could get,rschdle appt
I want to change it to this morning,rschdle appt
Do I need to be here for the appointment since it's outside cable,rschdle appt
Change my time,rschdle appt
I wanted sooner,rschdle appt
Can you try to troubleshooting my modem,rschdle appt
I need to reschedule for Saturday,rschdle appt
Don't change it don't change it no,rschdle appt
I would like to make an earlier appointment,rschdle appt
Cannot because you,rschdle appt
See if you have something sooner,rschdle appt
Oh sooner,rschdle appt
Reschedule the time,rschdle appt
No I need to reschedule that eight a.m. is no good I need another time,rschdle appt
Need to reschedule I need to reschedule,rschdle appt
Hey change the date is for tomorrow not today,rschdle appt
Reschedule appointment for Thursday next week,rschdle appt
Ready to change,rschdle appt
Can we get it earlier,rschdle appt
No I can't he's not here,rschdle appt
They called me and they can't hear me or can hear them,rschdle appt
Reschedule please reschedule,rschdle appt
Need to postpone my appointment,rschdle appt
Is there appointment today available,rschdle appt
Can't know what address for the appointment,rschdle appt
I'd like to try to get a earlier one,rschdle appt
No I need I need a different time,rschdle appt
Because the gentleman terrible news is not working on more that you cannot work on what I need him to work on,rschdle appt
Yeah you can learn how to make television's gone better than I do,rschdle appt
Can we get an earlier appointment at all,rschdle appt
Yes I want to change appointment,rschdle appt
I thought my appointment was today,rschdle appt
Postpone appointment to Saturday,rschdle appt
Looking to reschedule possible time,rschdle appt
I need to make my appointment later,rschdle appt
Can we change your appointment to 9 to 10,rschdle appt
Reschedule that appointment,rschdle appt
No you can't never mind you're good,rschdle appt
We will have to reschedule our call back later,rschdle appt
Hey early can he get here closer to five,rschdle appt
Come back here they need to come back here today,rschdle appt
He called here and we wanna change it,rschdle appt
Move it earlier,rschdle appt
I just can't get it working and nobody else can either,rschdle appt
You cannot thank you,rschdle appt
Change the appointment I need an appointment today,rschdle appt
I just I've been waiting for a call from dispatch to see if there could be an earlier time,rschdle appt
Change time reschedule,rschdle appt
I'd like to push the appointment back between four and five p.m.,rschdle appt
I wanted to see if I can reschedule it sooner,rschdle appt
Make appointment later in the day at two,rschdle appt
I want to change it to later,rschdle appt
I need to change the time of the day,rschdle appt
I need to change the appointment date time today,rschdle appt
I need a earlier appointment,rschdle appt
Reschedule order,rschdle appt
Make a change appointment,rschdle appt
Like to move the appointment up to a standard time today also,rschdle appt
I need an appointment sooner than that time,rschdle appt
I want to change the nature of the appointment,rschdle appt
Well if is not here bowling we're going to reschedule because I got another appointment somewhere else,rschdle appt
Not going to open the door to anyone we change appointment,rschdle appt
Can we change the time of appointment,rschdle appt
Well I was checking to see if you got a calling card sorry took twenty five minutes to twelve,rschdle appt
Earlier visit,rschdle appt
Expedite service,rschdle appt
I have to change the date,rschdle appt
I need to get it sooner,rschdle appt
Earlier appointment if available,rschdle appt
Change appointment for S,rschdle appt
The technician is here now I want to reschedule this so that he comes back at eleven,rschdle appt
To see if I can reschedule or have a closer one,rschdle appt
The technician is early,rschdle appt
Can I change the time for sooner,rschdle appt
Change the times,rschdle appt
Can you send them earlier,rschdle appt
Hi I'd like them to come earlier,rschdle appt
Hi I need to delay it for another day like tomorrow,rschdle appt
Can I get another appointment,rschdle appt
I want to change the date I want to change it to Wednesday,rschdle appt
Appointment too early,rschdle appt
I want to change my appointment from Tuesday,rschdle appt
I need to reschedule and Payne,rschdle appt
Can you turn back to time,rschdle appt
Can you can they come earlier,rschdle appt
I was seeing if you could come today,rschdle appt
Problems with television need to change appointment to earlier,rschdle appt
May I reschedule,rschdle appt
Banking change appointment,rschdle appt
Yes I need to reschedule,rschdle appt
Set another appointment,rschdle appt
Expedite appointment,rschdle appt
Can I get can I reschedule,rschdle appt
Customer service to reschedule appointment,rschdle appt
I need to reschedule an appointment for tomorrow,rschdle appt
I need to change their appointment,rschdle appt
To reschedule appointment if possible and make it earlier,rschdle appt
Reschedule representative,rschdle appt
Need to change address,rschdle appt
Can you mar,rschdle appt
I have to reschedule,rschdle appt
We need to delay the appointment,rschdle appt
I want to change euros day,rschdle appt
Change Wi-Fi speed,rschdle appt
I need I need to change something important to do at that time I need to change it,rschdle appt
Understand charges and change appointment,rschdle appt
I would like a morning appointment I'd like to change,rschdle appt
Need assistance today,rschdle appt
Available times three schedule,rschdle appt
Earlier appointment tomorrow morning,rschdle appt
Thank you can't think you will find a way for today exchangeable tomorrow,rschdle appt
I need somebody I can talk to,rschdle appt
Hey clichÃ©d can you merrily thank you lest,rschdle appt
Reschedule for another day on Saturday,rschdle appt
Can I get in much more sooner than that,rschdle appt
I need to talk to whoever says I need to change my appointment,rschdle appt
I got a call that I could get in today,rschdle appt
Change the appointment to a later time,rschdle appt
Change reschedule,rschdle appt
I can do that or the minute,rschdle appt
B reschedule,rschdle appt
I have no service but he can't hook up anything because there's nothing there,rschdle appt
No no stop stop do not schedule what is the earliest appointment you have,rschdle appt
Is an earlier appointment available,rschdle appt
Cannot find it,rschdle appt
I need to select the Internet can't not five hours ago,rschdle appt
I was just gonna see if they could come earlier today,rschdle appt
I need to reschedule an appointment for later in that day on the fourth,rschdle appt
Can I get a earlier appointment,rschdle appt
I'd like to see if I can reschedule it,rschdle appt
Speak with Doug change address,rschdle appt
Zelle is that the earliest I can go,rschdle appt
I would like to change the time of the appointment,rschdle appt
Can I change the appointment on Thursday,rschdle appt
Change appointment to Friday between four and five o'clock,rschdle appt
I'm not gonna be here for an appointment I can't come today,rschdle appt
I have reschedule,rschdle appt
Reschedule yeah reschedule,rschdle appt
I think probably run up and down the street give me a gym that can't stop and fix this,rschdle appt
I want to move up my appointment,rschdle appt
Can you,rschdle appt
I would like to reschedule reschedule it,rschdle appt
I was just going to tell you that I am home technicians are free and want to come out early,rschdle appt
Moving today,rschdle appt
Change ZIP Code,rschdle appt
I was told it's today not tomorrow,rschdle appt
I'd like earlier appointment,rschdle appt
Need to talk with a representative change it,rschdle appt
Yes I need to adjust the appointment,rschdle appt
Representative reschedule,rschdle appt
You can help by connecting me to a fucking record,rschdle appt
The technician is coming too early,rschdle appt
I need an appointment today,rschdle appt
Change charges,rschdle appt
Well I I need to have that appointment earlier,rschdle appt
Wanna change ours need to speak to a live agent,rschdle appt
I need to reschedule if possible,rschdle appt
Need to change it till the tenth or eleventh of next week,rschdle appt
Change the time back,rschdle appt
Can you please send now give me a second ma'am,rschdle appt
I need to change the appointment time four p.m. or later,rschdle appt
I like to change my appointment time,rschdle appt
Want to reschedule appointment,rschdle appt
Technician showing up early,rschdle appt
Reschedule me up,rschdle appt
Is it possible for an earlier appointment,rschdle appt
I want to see if I can change that appointment to later in the afternoon and six,rschdle appt
I would like to change my appointment to Saturday,rschdle appt
I'm only available from noon to one thirty p.m.,rschdle appt
Hi we had an unexpected emergency I need to change my appointment to next week,rschdle appt
I need to see if we can change the time,rschdle appt
United in the hospital so I have a call back to schedule another appointment,rschdle appt
No I wanted it reschedule for four p.m.,rschdle appt
Can I change my appointment to four o'clock,rschdle appt
Change time speak to a representative,rschdle appt
I received a call this morning and I was checking to see what it is about,rschdle appt
I wanna change my appointment to tomorrow instead of Friday,rschdle appt
I guess you can't login overcoming thank you very much,rschdle appt
We need to reschedule the appointment schedule another appointment for tomorrow,rschdle appt
It can't be any earlier,rschdle appt
Yes I need you to reschedule my appointment for today during the daytime please,rschdle appt
I need to change two three three one three three I've got about recall,rschdle appt
Yes is okay they can come on,rschdle appt
I would like to change that time,rschdle appt
Could we reschedule,rschdle appt
Reschedule it for Friday at three o'clock,rschdle appt
Reschedule reschedule time,rschdle appt
I want to change my appointment until the next Tuesday at eleven o'clock,rschdle appt
I can't turn my TV off,rschdle appt
I need to get a better appointment I need I work from home I don't have access to a computer I need to get an appointment for tomorrow,rschdle appt
Change my installation,rschdle appt
Need to change it and reschedule,rschdle appt
Schedule sooner,rschdle appt
Change it to Thursday,rschdle appt
Let's change appointment,rschdle appt
Earlier in the day,rschdle appt
You can keep the appointment as it is I hope to see you on Thursday at my house,rschdle appt
Well he called earlier and said he would be here earlier so we've been waiting for him to come up so he's not coming until after five,rschdle appt
Change instructions,rschdle appt
Change my services,rschdle appt
I'd like it earlier,rschdle appt
I need I need to change this time,rschdle appt
Well they said earlier today 5/30,rschdle appt
I need to change it if I can,rschdle appt
No reschedule a later date,rschdle appt
Move to G hey January twenty third,rschdle appt
I want to reschedule it for Friday between four and five,rschdle appt
Change please,rschdle appt
Please swing today right now which is way too early has to be there between three and four not now,rschdle appt
Could you change it to Monday at three,rschdle appt
I need to expedite my appointment,rschdle appt
Day and time change,rschdle appt
I need to change the time and date,rschdle appt
Change location,rschdle appt
How can I track my check commission,rschdle appt
I would like to change a few details so if you can connect me to the business department,rschdle appt
Change in circumstances,rschdle appt
Getting earlier,rschdle appt
I'm going to have to postpone that appointment to another day,rschdle appt
Yes I like to reschedule for January the thirteenth,rschdle appt
I got to make a change the date,rschdle appt
I need to change it to Thursday,rschdle appt
I received a call and they told me that it was has to be rescheduled was just calling to verify that,rschdle appt
To see if I can get someone that earlier,rschdle appt
I need the appointment center,rschdle appt
Change day,rschdle appt
I want to change the details,rschdle appt
No thank you for waiting change,rschdle appt
I would like to change the date of my appointment,rschdle appt
Reschedule for later time,rschdle appt
Change doctors appointment,rschdle appt
Schedule time reschedule,rschdle appt
Why do I need appointment,rschdle appt
I want to change the time to a little bit later this afternoon if possible,rschdle appt
No I want to postpone it,rschdle appt
If there's a cancellation earlier would be better,rschdle appt
Yes I need to have an early eight o'clock so that for earlier you can get here,rschdle appt
Yes can you do it earlier,rschdle appt
I need to have somebody come earlier it's freezing up here,rschdle appt
Change my name,rschdle appt
Change my Internet appointment,rschdle appt
I want to change it to three o'clock,rschdle appt
I need a later appointment that day,rschdle appt
I need to change or I need to change the time can I speak to a representative,rschdle appt
I need to talk to her about why I need an appointment,rschdle appt
Can I get can I get a earlier time,rschdle appt
You can't thank you everything is fine,rschdle appt
And I get it today,rschdle appt
I need appointment so,rschdle appt
Can I make the appointment earlier,rschdle appt
I need to reschedule it for Saturday,rschdle appt
We need to postpone until tomorrow,rschdle appt
I need to change the number for contact,rschdle appt
Schedule an earlier appointment,rschdle appt
I would like to reschedule please,rschdle appt
That's all I needed today,rschdle appt
To change an appointment,rschdle appt
Can I can't,rschdle appt
Change until I talk to,rschdle appt
Yes I have anything any earlier I would appreciate it because I get up to go to work at one o'clock in the morning,rschdle appt
I'm trying to find out do you do you have any appointments open and I can get in earlier,rschdle appt
Need to be much earlier we're down,rschdle appt
I want to schedule it sooner,rschdle appt
Try to find a different appointment for today,rschdle appt
I wanted to reschedule it,rschdle appt
Change my appointment change my appointment so I can get them to talk to you hello,rschdle appt
Change it to Wednesday,rschdle appt
I just want to see if there's any cancellations or anything so maybe they could come today,rschdle appt
You want earlier than that,rschdle appt
I need mile date will be here back,rschdle appt
Need to reschedule for later time today,rschdle appt
I need to move me back later because I gotta go to the bank and I don't know what time you gonna get mad at bank,rschdle appt
I need to change retention department,rschdle appt
I need it sooner I'm working from home I need the Internet,rschdle appt
Can I come around here,rschdle appt
Can't do you have an early appointment available,rschdle appt
Need to find one sooner,rschdle appt
Just talk with someone earlier about the appointment but they keep calling my house phone 11 to 4,rschdle appt
Yes sooner appointment,rschdle appt
Here today and I need to reset the appointment,rschdle appt
Move it move it to Tuesday Monday,rschdle appt
I want to change the date to Tuesday,rschdle appt
Can you possibly bring a walk cable,rschdle appt
Possibly reschedule,rschdle appt
Reschedule a different time,rschdle appt
Need to see if I can change the time,rschdle appt
I need to reschedule it please,rschdle appt
You can set okay thank you,rschdle appt
Can I change my appointment,rschdle appt
Schedule appointment sooner,rschdle appt
This one today not tomorrow we have two senior people and we cannot be without the poor,rschdle appt
I need to move the appointment to the afternoon,rschdle appt
I want to reschedule the appointment,rschdle appt
Reschedule the appointment for four o'clock not two,rschdle appt
We need to schedule appointment for earlier we don't have any TV,rschdle appt
I need to see if you can make it sooner please,rschdle appt
Can we change the time again,rschdle appt
Change the time today,rschdle appt
I'm right here speed them up you can't,rschdle appt
I want to see if there's any cancellations today and mine my appointment could be moved up to today,rschdle appt
I need to change it to another time,rschdle appt
I was wondering if you could get them out sooner,rschdle appt
Could I move my appointment up,rschdle appt
Change installation time,rschdle appt
I need to have my appointment sooner,rschdle appt
I need help with my score appointment today,rschdle appt
Technician I will change it,rschdle appt
Reschedule com,rschdle appt
Change my appointment without talking to me I want to talk to somebody,rschdle appt
Can you get it any sooner,rschdle appt
Marriott change the appointment,rschdle appt
No I don't know I'll call later to make another appointment,rschdle appt
Is it possible if I can reschedule the appointment,rschdle appt
Do you want to come earlier,rschdle appt
Can I have service,rschdle appt
I'm going to change the date,rschdle appt
Make early appointment possible technician please,rschdle appt
I can't calculate it,rschdle appt
No I will call back to reschedule,rschdle appt
Yeah reschedule the time,rschdle appt
I would like to change I would like to change the time,rschdle appt
Change time to a later time,rschdle appt
I need to postpone,rschdle appt
The technician today did not connect the computer to the devices so I can't print,rschdle appt
That's fine you can't,rschdle appt
I don't know about that can you get somebody on the phone please to help me,rschdle appt
I can't get my C D to work,rschdle appt
I'm hoping there something they can be done manually for my Internet service,rschdle appt
I was going to see if there's a chance I can make it a little later in the day tomorrow,rschdle appt
Expedite needed Monday,rschdle appt
Change a kid I need to change the appointment,rschdle appt
I need a certain sooner appointment,rschdle appt
Change card,rschdle appt
I'm just checking to be sure will be there,rschdle appt
I would like to postpone the appointment,rschdle appt
Can you give us an estimated time,rschdle appt
I was just on the phone with a service guy and he was trying to figure out if I can get an appointment earlier,rschdle appt
See if you can come earlier,rschdle appt
Is there any chance that he could make it earlier,rschdle appt
I like to move it up,rschdle appt
Right no I can't,rschdle appt
Change my appointment back,rschdle appt
For earlier time,rschdle appt
Show up they can't show up,rschdle appt
Change that made earlier time,rschdle appt
Change to January first,rschdle appt
I was wondering about making his earlier than that,rschdle appt
Can I change the phone number for them to call me,rschdle appt
Could I make it earlier,rschdle appt
No I don't want to make an appointment sooner human being you idiot,rschdle appt
I'm ready for Devon come no earlier than eleven,rschdle appt
Hi Venusian earlier appointment,rschdle appt
Well I'd like to reschedule it,rschdle appt
He's not here yet so I need to reschedule,rschdle appt
No you cannot help with my voicemail goodbye,rschdle appt
I'm not available,rschdle appt
That's showing up appointment today just to reschedule okay,rschdle appt
Can we need to have somebody call me in a new calling earlier,rschdle appt
Never mind never mind to change it on,rschdle appt
I need a earlier appointment this is an emergency,rschdle appt
There earlier,rschdle appt
Technician came early,rschdle appt
Major reschedule,rschdle appt
Do I need to be present for the appointment,rschdle appt
Are they coming early,rschdle appt
Gerimal earlier tonight,rschdle appt
Yes I need an appointment for Tuesday,rschdle appt
I need to change the time to later,rschdle appt
Can you come closer to three o'clock,rschdle appt
I need early appointment,rschdle appt
July to reschedule,rschdle appt
Can I change it to Monday,rschdle appt
Get get an earlier date,rschdle appt
Is there a sooner appointment available,rschdle appt
Change I need to change it,rschdle appt
I need you to change the time it should be earlier or later bye an hour,rschdle appt
Change it I want to talk to a supervisor,rschdle appt
Can you just check to see if there's an outage in my area,rschdle appt
Do you have an earlier appointment in the day,rschdle appt
I need the appointment between one and one p.m. and two p.m.,rschdle appt
I was wondering if I could make it at an earlier date,rschdle appt
But I change the date,rschdle appt
Expedited ticket,rschdle appt
No I just wish they could come a little earlier,rschdle appt
Yes somebody coming earlier,rschdle appt
Postpone the appointment next week,rschdle appt
Sooner appointment cancellation,rschdle appt
Would like to change for earlier date,rschdle appt
I was hoping to get something sooner,rschdle appt
No that's fine I need help with the reception on TV reception today,rschdle appt
I wanna change things,rschdle appt
Technician showed up early and I wasn't home,rschdle appt
I like to change the time,rschdle appt
I need somebody here sooner,rschdle appt
I want to see if they can come earlier,rschdle appt
I would like something earlier,rschdle appt
They just called to reschedule,rschdle appt
I wanna change my appointment today to a later time,rschdle appt
Can I change to a later appointment today,rschdle appt
Hi Doctor change the appointment,rschdle appt
The technician was here earlier,rschdle appt
Change euro,rschdle appt
Change of service,rschdle appt
Because he missed appointment,rschdle appt
Try reschedule for today,rschdle appt
Oh I'm checking to see when he will arrive,rschdle appt
I need to change the address service,rschdle appt
Yes when I was what's it and change it to check today between four and five,rschdle appt
Is there anyway you can fit us in today we have something due by midnight we need Internet for,rschdle appt
We can't I just wanted to know that an appointment with me,rschdle appt
Reschedule the appointment reschedule it,rschdle appt
Able to switch to time,rschdle appt
I need a earlier appointment today,rschdle appt
Can they come at eleven o'clock or noon because it's raining right now,rschdle appt
I want to see if I can get a technician earlier,rschdle appt
You have anything earlier,rschdle appt
You can't help goodbye,rschdle appt
Earlier times,rschdle appt
I would like to change that,rschdle appt
They told me to call see if I get a earlier appointment,rschdle appt
Can we go can we schedule an earlier,rschdle appt
Can we change it,rschdle appt
Make the appointment sooner,rschdle appt
I want to check and see if there's an earlier appointment,rschdle appt
I need a new remote to the television and I also need a,rschdle appt
Had to make to reschedule my appointment,rschdle appt
Postpone it,rschdle appt
Reschedule for earlier,rschdle appt
You cannot set the way 1 and 3 do that hello,rschdle appt
I need to make a earlier appointment,rschdle appt
How can you change the appointment time,rschdle appt
Can I come sooner,rschdle appt
I was wondering if you if I can reschedule my appointment,rschdle appt
I wanna make the appointment soon,rschdle appt
Can we change it to one o'clock p.m. today,rschdle appt
The electricity is out here and I need to reschedule,rschdle appt
Thank sooner,rschdle appt
Later time today,rschdle appt
I would like to move it up,rschdle appt
Make sure I just put a representative on the phone you can't make sure she told you what I want,rschdle appt
Change the time change the time change the time,rschdle appt
Change my,rschdle appt
Is there earlier when available,rschdle appt
I need you can program point-blank,rschdle appt
What is it for when you reset it for,rschdle appt
I like to change it,rschdle appt
Would like an earlier appointment if possible,rschdle appt
I would like to see if I can change the time,rschdle appt
I need to make an appointment for Tuesday January second between ten and eleven,rschdle appt
I want to see if I can adjust the dates earlier date and time,rschdle appt
I'd like to reschedule my appointment,rschdle appt
They change the date of my appointment to later,rschdle appt
Change two zero,rschdle appt
Can you not get a hearing aid center can you not get it repaired and it sooner,rschdle appt
Change to Wednesday the third,rschdle appt
Change my appointment to after,rschdle appt
Can you do it in the morning,rschdle appt
You can change it,rschdle appt
Schedule any sooner,rschdle appt
Change collator,rschdle appt
Move it up for today,rschdle appt
Ongoing problem that needs to be resolved sooner than Sunday,rschdle appt
Can I move it to next week,rschdle appt
Check on an expedited appointment today,rschdle appt
It's not my appointment I want to change my phone number I was wondering if I can keep my phone number at my regular home,rschdle appt
Change today,rschdle appt
Need sooner appointment,rschdle appt
Jamaica earlier,rschdle appt
They were trying to accelerate it for me to today,rschdle appt
I need it sooner appointment for today,rschdle appt
Can you change the time to ten a.m. to eleven a.m.,rschdle appt
To change package,rschdle appt
Is there any way that any cancellations for today,rschdle appt
Can my appointment be sooner than that,rschdle appt
Get your change,rschdle appt
Yes I was calling to see can I get this appointment earlier,rschdle appt
I want to see if I can change it to Tuesday,rschdle appt
Is there anything sooner just like I did send them away by mistake you sent them back,rschdle appt
Need to change date and time to tomorrow,rschdle appt
I want to I want to reschedule the appointment,rschdle appt
Get an earlier report appointment earlier date,rschdle appt
Change phone number to call to confirm,rschdle appt
Well I'm telling you I was told last night that they were coming today,rschdle appt
Can I get one sooner than that and I get one for today,rschdle appt
I'd like to give it a later time during the day,rschdle appt
Can I make one for sooner like today this morning,rschdle appt
Change to afternoon,rschdle appt
I need to postpone for about two weeks,rschdle appt
To see if I can get a earlier appointment,rschdle appt
Change the order,rschdle appt
We came early and I miss him,rschdle appt
When you can thank you,rschdle appt
To see if I can make an appointment for today,rschdle appt
Reschedule my service appointment for our total service,rschdle appt
No I just need it sooner appointment,rschdle appt
Too early,rschdle appt
I want to get an earlier appointment,rschdle appt
I need an emergency appointment today,rschdle appt
Reschedule Tuesday,rschdle appt
We would cost me two hundred and fifty dollars and I just wanted to see if I can get one today,rschdle appt
Just want to see if I can get an appointment today center,rschdle appt
Do you have an earlier appointment time,rschdle appt
Postpone the appointment,rschdle appt
I can't find my remote control to the TV so I need someone to bring the remote control so they can work to TV,rschdle appt
You have nothing earlier than that date,rschdle appt
I like to change it and have him come early if possible,rschdle appt
Let's reschedule,rschdle appt
Give me a phone that I'll be reached can be reached at before you get here,rschdle appt
I can't pay,rschdle appt
Can you come any earlier this is support stay with us tell me TV,rschdle appt
Reschedule for Tuesday,rschdle appt
I wanted to change it to us for Saturday,rschdle appt
Reschedule it to December twenty ninth at one p.m.,rschdle appt
Need appointment on Friday at five thirty,rschdle appt
I want to reschedule an appointment,rschdle appt
Change job,rschdle appt
I want to earlier,rschdle appt
I'm checking to see when this is,rschdle appt
I need to discuss to change,rschdle appt
They told me it was today at five between five and six,rschdle appt
We need to change the date,rschdle appt
I can pay my appointment,rschdle appt
Because I've been invalid and I can't I I want my TV back you can't come and take me TV and let me Haning,rschdle appt
I need to change contact number,rschdle appt
